0,1e-12,1e-12,166.496
0,15.895,1e-12,159.103
0,7.837,14.868,159.167
0,-7.747,15.063,162.104
0,-15.549,1e-12,165.797
0,-7.982,-15.711,169.451
0,8.06,-15.433,165.515
0,31.795,1e-12,151.582
0,27.197,16.582,150.893
0,15.541,29.013,153.077
0,1e-12,33.474,153.539
0,-15.053,29.286,155.888
0,-26.002,17.267,160.01
0,-30.029,1e-12,161.249
0,-26.502,-17.692,164.091
0,-15.815,-31.447,168.067
0,1e-12,-36.449,167.962
0,16.207,-30.558,161.52
0,27.818,-17.02,154.979
0,47.685,1e-12,143.069
0,44.837,15.76,143.554
0,37.144,30.076,145.301
0,25.472,41.308,146.973
0,11.222,47.597,146.671
0,-3.709,48.896,147.092
0,-17.798,45.343,149.173
0,-29.768,37.086,152.729
0,-38.278,24.134,154.197
0,-42.621,8.325,153.966
0,-42.823,-8.368,154.786
0,-38.855,-24.564,156.999
0,-30.65,-38.523,158.894
0,-18.878,-49.455,163.556
0,-4.001,-54.651,165.518
0,12.086,-52.807,163.649
0,26.886,-44.205,157.693
0,38.322,-31.078,150.19
0,45.46,-15.949,145.228
0,63.903,1e-12,135.479
0,61.479,16.422,136.199
0,54.718,31.907,137.355
0,44.514,45.991,140.65
0,30.948,56.157,140.628
0,15.766,62.676,141.207
0,1e-12,64.544,140.91
0,-15.164,62.408,141.657
0,-28.822,56.36,143.433
0,-40.334,46.712,146.432
0,-49.038,33.447,148.963
0,-54.094,17.209,148.27
0,-55.692,1e-12,147.184
0,-53.857,-17.003,146.255
0,-48.93,-33.072,147.005
0,-40.859,-47.344,148.405
0,-29.847,-59.215,151.103
0,-16.122,-68.357,156.042
0,1e-12,-71.432,156.848
0,16.955,-69.153,156.563
0,33.09,-61.253,153.981
0,46.226,-47.731,145.953
0,56.119,-32.656,140.523
0,62.158,-16.553,137.205
0,80.571,1e-12,128.732
0,78.519,16.297,129.204
0,72.939,32.055,130.191
0,64.383,47.026,132.669
0,53.12,60.718,136.145
0,38.837,69.853,134.648
0,23.617,76.67,135.01
0,7.802,79.159,133.609
0,-7.633,78.636,133.161
0,-22.224,75.807,134.921
0,-35.354,69.352,136.217
0,-46.875,60.459,139.177
0,-56.484,48.824,142.899
0,-63.286,33.924,143.921
0,-66.767,17.034,141.345
0,-67.495,1e-12,138.591
0,-65.718,-16.533,136.788
0,-61.671,-32.311,136.44
0,-55.206,-46.706,136.098
0,-46.264,-58.682,134.62
0,-35.43,-68.874,135.01
0,-22.854,-78.44,139.759
0,-8.035,-84.262,143.175
0,8.312,-86.039,145.777
0,25.232,-83.305,147.162
0,41.439,-75.622,146.181
0,55.231,-62.824,140.729
0,66.239,-48.033,135.327
0,74.348,-32.482,131.785
0,79.351,-16.432,130.214
0,98.028,1e-12,123.531
0,96.024,16.884,123.669
0,90.907,33.335,124.288
0,82.898,48.973,125.4
0,72.556,63.912,128.087
0,59.649,76.914,130.241
0,44.391,85.733,129.169
0,28.222,91.052,127.246
0,11.921,93.014,124.973
0,-3.891,92.895,124.192
0,-18.985,91.261,125.638
0,-33.061,86.886,127.486
0,-45.698,79.346,128.872
0,-56.899,69.682,131.342
0,-66.51,57.82,134.709
0,-73.599,42.885,135.758
0,-78.197,26.225,135.59
0,-79.405,8.595,131.643
0,-78.479,-8.425,128.826
0,-75.345,-24.603,126.51
0,-70.626,-40.069,126.169
0,-63.39,-53.278,123.28
0,-54.567,-64.628,120.973
0,-44.286,-74.461,120.128
0,-32.721,-84.136,122.883
0,-19.372,-92.804,127.653
0,-4.071,-98.156,131.465
0,12.664,-100.33,135.195
0,30.079,-98.258,137.64
0,46.93,-90.939,137.098
0,62.046,-79.262,133.971
0,74.947,-65.291,130.573
0,85.119,-49.819,127.344
0,92.333,-33.529,124.771
0,96.835,-16.947,124.006
0,114.019,1e-12,114.05
0,112.687,17.143,115.43
0,108.758,34.405,117.613
0,102.4,51.706,120.758
0,92.545,67.406,121.881
0,79.859,80.816,121.702
0,65.825,93.442,123.459
0,49.807,102.043,122.714
0,32.671,104.925,118.209
0,16.012,106.076,115.208
0,1e-12,105.578,113.534
0,-15.251,104.327,114.091
0,-29.692,101.339,115.685
0,-43.101,95.757,117.229
0,-54.963,86.684,117.235
0,-66.063,77.328,120.266
0,-75.783,65.818,123.778
0,-83.105,51.15,124.91
0,-88.037,34.654,124.481
0,-90.52,17.32,122.885
0,-89.967,1e-12,118.827
0,-88.253,-16.663,117.906
0,-84.407,-32.592,116.645
0,-78.593,-47.122,114.494
0,-70.704,-58.993,110.046
0,-62.073,-69.771,107.605
0,-52.438,-79.707,106.966
0,-41.643,-89.222,108.396
0,-29.55,-98.951,112.5
0,-15.631,-106.752,116.685
0,1e-12,-111.321,119.893
0,16.992,-114.146,124.303
0,34.676,-112.367,126.809
0,52.073,-105.991,127.293
0,68.283,-95.646,126.041
0,82.874,-82.933,124.624
0,94.935,-67.927,122.402
0,103.93,-51.378,119.492
0,110.288,-34.46,117.52
0,113.122,-17.039,114.501
0,125.906,1e-12,97.622
0,125.254,16.369,99.719
0,123.35,33.729,104.33
0,118.456,51.328,108.067
0,110.252,67.944,110.108
0,99.732,83.868,112.421
0,86.516,97.75,113.678
0,71.571,109.918,114.996
0,54.656,116.988,113.071
0,36.842,117.58,107.255
0,19.985,117.944,103.976
0,3.9,117.565,102.381
0,-11.418,116.629,102.493
0,-25.88,113.569,102.726
0,-39.631,109.715,104.373
0,-52.148,102.28,104.488
0,-63.559,93.138,104.87
0,-74.523,84.139,108.019
0,-84.469,73.378,111.951
0,-92.416,59.58,114.245
0,-98.183,43.609,115.024
0,-101.201,26.147,113.428
0,-101.434,8.521,109.933
0,-100.313,-8.401,108.339
0,-97.628,-24.924,107.897
0,-92.491,-40.179,105.557
0,-85.516,-53.38,101.733
0,-77.482,-64.57,97.702
0,-69.092,-75.027,95.555
0,-59.93,-84.818,94.807
0,-49.888,-94.604,95.959
0,-38.717,-104.513,98.894
0,-25.999,-113.056,102.058
0,-11.632,-118.243,103.797
0,4.047,-122.556,106.82
0,21.084,-126.087,111.445
0,38.984,-125.809,115.011
0,56.858,-120.928,116.728
0,73.705,-111.368,116.143
0,88.724,-98.226,113.782
0,102.364,-84.461,112.804
0,112.587,-67.947,109.668
0,119.744,-50.619,106.051
0,124.463,-33.457,103.135
0,126.192,-16.391,99.735
0,133.015,1e-12,76.974
0,132.063,14.816,78.014
0,130.861,30.737,82.173
0,127.81,47.76,86.92
0,122.325,65.279,91.402
0,115.018,83.927,97.068
0,104.349,101.509,101.498
0,89.526,114.257,101.922
0,72.609,122.776,100.273
0,54.546,125.978,96.166
0,37.08,128.155,93.373
0,20.163,128.987,91.417
0,3.938,128.96,90.558
0,-11.507,127.667,90.391
0,-26.084,124.699,90.529
0,-39.879,120.557,91.325
0,-52.665,113.787,91.533
0,-64.039,103.946,90.526
0,-75.241,95.439,92.492
0,-86.171,86.637,96.478
0,-96.504,76.19,101.491
0,-104.935,62.309,104.827
0,-110.869,45.632,105.924
0,-113.751,27.298,104.386
0,-114.335,8.983,102.39
0,-112.462,-8.77,99.805
0,-109.078,-25.796,98.397
0,-103.222,-41.305,95.395
0,-95.568,-54.556,91.11
0,-87.173,-65.829,86.932
0,-78.864,-76.498,84.587
0,-70.241,-86.783,83.663
0,-60.845,-96.631,83.781
0,-50.621,-106.914,85.6
0,-39.101,-116.528,88.011
0,-26.039,-123.708,89.689
0,-11.659,-129.327,91.558
0,4.058,-133.957,94.222
0,21.202,-138.456,98.534
0,39.372,-139.419,102.071
0,57.79,-136.01,104.213
0,75.276,-127.016,103.696
0,90.745,-113.13,100.458
0,105.338,-99.545,98.972
0,117.065,-83.535,96.198
0,125.148,-65.769,91.828
0,130.252,-48.018,87.172
0,133.538,-31.297,83.669
0,133.725,-15.025,79.174
0,137.539,1e-12,57.66
0,136.644,13.417,58.396
0,135.633,27.869,61.607
0,134.159,44.235,66.732
0,132.465,63.719,74.304
0,128.473,85.363,82.337
0,120.004,106.09,88.323
0,105.522,120.428,89.054
0,87.338,127.527,85.714
0,68.904,132.113,82.502
0,50.981,135.862,80.413
0,33.518,138.933,79.359
0,16.463,140.754,78.893
0,1e-12,141.102,78.843
0,-15.606,138.645,78.345
0,-30.435,136.384,79.206
0,-44.29,131.164,79.414
0,-56.642,121.73,77.942
0,-67.628,110.473,76.143
0,-78.668,101.586,77.285
0,-90.291,94.155,81.436
0,-102.059,85.556,87.064
0,-113.044,73.918,92.553
0,-121.656,58.188,95.83
0,-127.521,39.8,97.292
0,-130.27,20.001,97.111
0,-128.886,1e-12,93.969
0,-125.11,-18.782,90.8
0,-118.516,-35.601,86.385
0,-109.85,-49.785,81.119
0,-101.159,-62.694,77.68
0,-92.119,-74.001,74.688
0,-83.223,-84.591,72.822
0,-73.982,-94.16,71.453
0,-64.243,-103.311,70.989
0,-54.012,-113.564,72.387
0,-42.63,-123.604,74.515
0,-29.622,-130.377,75.439
0,-15.616,-138.916,78.52
0,1e-12,-145.694,81.611
0,17.181,-150.922,85.048
0,35.785,-154.62,89.047
0,54.979,-153.405,91.62
0,73.395,-145.356,91.356
0,90.649,-133.367,89.78
0,106.267,-118.736,87.445
0,119.152,-101.532,83.915
0,128.164,-82.207,78.731
0,133.936,-63.071,73.239
0,137.796,-45.533,68.781
0,139.116,-28.889,64.089
0,138.795,-13.761,60.083
0,142.436,1e-12,42.916
0,141.749,12.478,43.557
0,141.096,26.009,46.157
0,140.263,41.531,50.35
0,140.646,61.325,57.628
0,142.958,88.879,69.536
0,135.482,110.81,74.561
0,120.148,123.959,73.663
0,100.618,128.813,69.103
0,81.718,132.822,65.789
0,64.183,139.032,64.95
0,47.011,145.802,65.388
0,29.634,150.2,65.614
0,12.508,153.048,66.077
0,-4.068,153.061,66.175
0,-19.729,150.412,65.954
0,-34.631,147.861,66.705
0,-48.029,139.491,65.451
0,-59.483,126.603,62.538
0,-69.831,114.096,60.356
0,-80.368,104.579,60.593
0,-91.945,97.44,63.497
0,-105.163,91.417,69.145
0,-119.056,83.273,75.935
0,-131.301,70.198,81.309
0,-141.955,53.798,86.554
0,-149.222,33.806,90.218
0,-149.87,11.121,88.557
0,-145.653,-10.594,84.004
0,-137.498,-29.385,77.485
0,-126.912,-44.519,70.468
0,-116.963,-58.256,66.488
0,-107.122,-70.994,64.04
0,-96.951,-81.988,61.703
0,-86.815,-91.442,59.564
0,-76.813,-99.903,57.916
0,-66.87,-108.499,57.329
0,-56.678,-118.331,58.223
0,-45.869,-130.303,60.869
0,-33.016,-136.982,61.439
0,-19.232,-144.785,63.328
0,-4.039,-151.875,65.659
0,12.765,-159.286,69.038
0,30.996,-162.911,71.68
0,50.559,-165.753,75.151
0,69.467,-159.474,75.362
0,87.204,-148.029,73.966
0,105.564,-138.564,74.709
0,121.785,-124.651,73.964
0,132.392,-103.665,69.149
0,139.031,-81.965,63.419
0,142.518,-61.447,57.628
0,143.657,-42.851,52.097
0,144.04,-26.868,47.882
0,143.339,-12.716,44.512
0,147.352,1e-12,30.838
0,146.884,12.058,31.419
0,146.769,25.341,33.653
0,147.211,41.208,37.522
0,149.314,62.045,43.902
0,157.094,95.323,56.425
0,148.623,116.707,59.165
0,131.044,126.988,56.567
0,109.576,128.617,51.439
0,90.579,132.902,48.921
0,73.195,140.193,48.526
0,56.273,149.116,49.408
0,39.119,157.878,50.838
0,21.542,163.226,51.725
0,4.204,163.892,51.701
0,-12.222,161.734,51.4
0,-27.764,159.568,51.761
0,-42.135,153.403,51.35
0,-54.282,139.897,48.764
0,-64.571,124.48,45.759
0,-74.972,113.697,44.966
0,-86.205,105.86,46.036
0,-99.285,100.281,49.181
0,-115.061,96.029,54.782
0,-132.053,89.063,61.334
0,-146.215,75.057,65.615
0,-159.699,58.415,71.04
0,-168.435,36.87,74.427
0,-169.47,12.166,73.311
0,-163.813,-11.447,68.6
0,-151.253,-30.206,59.761
0,-139.893,-45.915,54.513
0,-128.673,-59.995,51.341
0,-117.153,-72.71,49.169
0,-105.456,-83.916,47.388
0,-94.009,-93.654,45.821
0,-82.998,-102.027,44.409
0,-72.536,-110.173,43.609
0,-62.322,-119.418,43.853
0,-51.823,-130.784,45.394
0,-39.766,-139.846,46.484
0,-26.329,-146.467,47.201
0,-11.807,-153.531,48.624
0,4.133,-160.523,50.604
0,21.655,-166.282,52.833
0,40.462,-169.027,54.799
0,60.126,-168.977,56.644
0,78.351,-159.062,55.706
0,96.325,-148.502,55.218
0,115.952,-141.733,57.152
0,132.967,-128.865,57.406
0,145.694,-110.702,55.758
0,150.771,-86.338,50.493
0,149.987,-61.407,43.319
0,148.727,-41.433,37.711
0,148.248,-25.621,34.067
0,147.614,-12.123,31.613
0,151.855,1e-12,20.117
0,152.079,11.889,20.818
0,152.577,25.214,22.562
0,154.951,42.115,25.968
0,161.354,66.643,32.106
0,166.888,97.63,39.043
0,158.229,118.657,40.533
0,139.899,127.892,38.267
0,118.113,129.322,34.642
0,99.305,134.402,33.056
0,81.961,142.127,32.768
0,65.288,152.432,33.54
0,48.35,163.421,34.836
0,30.502,169.399,35.373
0,12.734,170.156,35.179
0,-4.093,167.256,34.61
0,-19.873,165.235,34.658
0,-34.547,159.83,34.328
0,-47.781,150.498,33.436
0,-58.663,134.884,31.262
0,-69.107,122.886,30.201
0,-80.163,114.427,30.38
0,-92.847,108.562,31.779
0,-108.37,104.963,34.715
0,-127.758,103.002,39.693
0,-146.327,94.297,43.765
0,-163.715,80.766,47.656
0,-175.881,60.699,49.638
0,-179.575,35.836,48.29
0,-183.264,12.159,49.068
0,-178.091,-11.538,46.322
0,-166.136,-31.014,41.167
0,-154.286,-47.461,37.815
0,-141.836,-61.904,35.528
0,-128.266,-74.103,33.549
0,-114.524,-84.687,31.998
0,-101.335,-94.177,30.858
0,-88.935,-102.436,29.894
0,-77.566,-110.187,29.234
0,-67.023,-118.644,29.137
0,-56.649,-128.678,29.75
0,-45.349,-138.374,30.541
0,-32.847,-147.337,31.447
0,-18.942,-153.126,31.937
0,-3.944,-158.509,32.692
0,12.296,-162.101,33.425
0,30.266,-169.735,35.513
0,49.327,-171.954,36.879
0,68.292,-167.517,37.224
0,85.911,-156.369,36.407
0,103.711,-146.313,36.293
0,122.785,-138.928,37.467
0,141.546,-129.981,38.928
0,156.331,-114.972,39.124
0,163.533,-92.724,36.844
0,157.562,-62.346,29.741
0,153.852,-40.753,24.967
0,152.315,-24.78,22.086
0,151.943,-11.774,20.569
0,155.706,1e-12,10.058
0,155.77,11.849,10.374
0,156.6,25.269,11.332
0,160.002,42.801,13.266
0,171.861,72.102,17.588
0,175.125,101.721,20.478
0,162.864,118.712,20.32
0,143.528,126.398,18.91
0,122.793,129.9,17.404
0,104.619,136.858,16.835
0,87.814,147.059,16.959
0,71.519,160.575,17.671
0,53.985,171.381,18.23
0,35.117,173.102,17.958
0,16.858,169.933,17.379
0,1e-12,166.806,17.028
0,-15.698,164.581,16.976
0,-30.297,159.462,16.784
0,-43.881,153.003,16.617
0,-55.427,139.884,15.8
0,-66.035,127.375,15.155
0,-77.194,118.287,15.073
0,-90.04,111.981,15.562
0,-105.722,108.009,16.724
0,-124.889,105.352,18.668
0,-144.49,98.121,20.494
0,-163.551,86.686,22.315
0,-181.37,71.428,24.302
0,-191.727,49.309,24.939
0,-201.027,26.027,26.307
0,-202.223,1e-12,26.367
0,-187.106,-22.677,22.587
0,-174.106,-41.063,20.364
0,-161.355,-57.314,19.048
0,-146.567,-70.614,17.783
0,-131.78,-82.85,16.999
0,-115.481,-91.305,15.935
0,-100.692,-99.664,15.319
0,-87.319,-107.558,14.918
0,-75.419,-115.509,14.721
0,-64.487,-124.056,14.755
0,-53.416,-132.17,14.865
0,-41.623,-139.795,15.063
0,-28.959,-148.058,15.49
0,-14.931,-151.901,15.573
0,1e-12,-157.665,16.044
0,16.231,-162.172,16.558
0,34.02,-167.432,17.365
0,53.246,-171.103,18.243
0,72.649,-168.669,18.685
0,89.765,-155.741,18.088
0,106.679,-143.65,17.775
0,125.394,-136.085,18.329
0,146.46,-131.536,19.756
0,164.128,-120.155,20.585
0,172.782,-98.519,19.759
0,165.503,-65.907,15.887
0,158.731,-41.471,12.777
0,156.442,-24.931,11.146
0,155.768,-11.775,10.294
0,159.148,1e-12,1e-12
0,159.144,12.272,1e-12
0,160.205,26.197,1e-12
0,164.621,44.841,1e-12
0,179.003,77.04,1e-12
0,179.721,105.394,1e-12
0,163.99,118.924,1e-12
0,142.823,123.956,1e-12
0,124.571,132.24,1e-12
0,107.211,142.067,1e-12
0,90.911,155.666,1e-12
0,74.565,172.313,1e-12
0,55.057,177.12,1e-12
0,35.08,172.887,1e-12
0,16.529,164.413,1e-12
0,1e-12,160.776,1e-12
0,-15.428,160.463,1e-12
0,-29.91,156.991,1e-12
0,-43.109,149.302,1e-12
0,-54.323,135.492,1e-12
0,-65.361,124.855,1e-12
0,-77.403,117.288,1e-12
0,-91.69,112.356,1e-12
0,-109.13,109.307,1e-12
0,-127.229,102.208,1e-12
0,-146.541,93.659,1e-12
0,-167.36,84.063,1e-12
0,-188.812,71.558,1e-12
0,-207.424,53.136,1e-12
0,-217.848,28.016,1e-12
0,-219.272,1e-12,1e-12
0,-207.348,-25.633,1e-12
0,-192.096,-46.206,1e-12
0,-175.327,-62.505,1e-12
0,-159.718,-77.562,1e-12
0,-143.043,-90.444,1e-12
0,-122.891,-96.286,1e-12
0,-105.512,-103.173,1e-12
0,-90.374,-110.769,1e-12
0,-77.198,-118.795,1e-12
0,-65.058,-125.759,1e-12
0,-53.261,-131.802,1e-12
0,-41.321,-138.51,1e-12
0,-28.624,-145.549,1e-12
0,-14.717,-148.724,1e-12
0,1e-12,-153.68,1e-12
0,16.088,-161.189,1e-12
0,33.738,-166.456,1e-12
0,52.972,-170.702,1e-12
0,72.712,-169.641,1e-12
0,90.306,-157.781,1e-12
0,107.042,-144.639,1e-12
0,125.704,-136.676,1e-12
0,147.593,-133.255,1e-12
0,167.862,-124.81,1e-12
0,178.159,-103.715,1e-12
0,170.532,-69.419,1e-12
0,162.679,-43.262,1e-12
0,159.792,-25.821,1e-12
0,159.032,-12.19,1e-12
0,162.01,1e-12,-11.307
0,163.886,13.364,-12.001
0,167.506,29.374,-13.53
0,175.972,52.05,-16.572
0,190.469,86.655,-21.511
0,183.401,109.299,-22.117
0,162.944,117.685,-20.108
0,142.247,123.387,-18.404
0,125.165,133.946,-17.99
0,109.295,147.944,-18.328
0,93.448,164.618,-19.177
0,75.063,175.616,-19.484
0,54.432,175.169,-18.682
0,33.986,164.965,-17.061
0,16.104,158.571,-16.141
0,1e-12,156.014,-15.858
0,-15.117,156.574,-16.112
0,-29.263,153.015,-16.088
0,-41.654,142.161,-15.374
0,-52.78,130.092,-14.62
0,-64.158,121.304,-14.368
0,-76.997,115.226,-14.597
0,-92.535,111.599,-15.385
0,-111.361,109.403,-16.764
0,-130.649,102.817,-17.899
0,-149.432,92.699,-18.933
0,-167.828,80.506,-20.222
0,-190.097,69.169,-23.059
0,-204.88,49.46,-24.579
0,-211.167,25.093,-24.781
0,-215.293,1e-12,-25.377
0,-210.891,-25.096,-24.794
0,-203.461,-49.023,-24.355
0,-189.678,-69.226,-23.095
0,-172.424,-85.386,-21.598
0,-153.873,-98.677,-20.302
0,-132.408,-105.843,-18.491
0,-111.334,-109.441,-16.772
0,-93.848,-115.264,-15.959
0,-78.756,-121.399,-15.488
0,-65.271,-126.309,-15.043
0,-52.97,-131.405,-14.789
0,-40.943,-137.557,-14.825
0,-28.202,-142.97,-14.933
0,-14.491,-146.045,-14.943
0,1e-12,-150.088,-15.236
0,15.732,-157.02,-16.028
0,32.963,-162.184,-16.821
0,51.715,-166.054,-17.703
0,71.613,-167.455,-18.576
0,89.806,-158.259,-18.437
0,106.571,-145.22,-18.011
0,125.207,-137.226,-18.517
0,147.255,-134.047,-20.186
0,169.17,-127.615,-21.991
0,180.871,-107.297,-21.692
0,178.549,-76.63,-18.792
0,166.958,-46.209,-14.471
0,162.703,-27.223,-12.373
0,161.544,-12.825,-11.421
0,164.749,1e-12,-25.214
0,167.034,14.661,-26.687
0,172.436,32.651,-30.436
0,178.933,55.708,-35.586
0,187.652,86.915,-42.943
0,178.274,107.618,-43.311
0,158.31,116.635,-39.706
0,140.117,126.579,-37.788
0,123.759,139.746,-37.674
0,107.355,154.329,-38.425
0,89.115,165.599,-38.713
0,69.173,170.639,-37.959
0,48.121,164.785,-35.218
0,28.884,157.269,-32.709
0,11.828,153.325,-31.506
0,-3.817,152.389,-31.391
0,-18.461,150.154,-31.364
0,-31.783,143.367,-30.647
0,-43.335,131.403,-28.972
0,-54.495,121.792,-28.059
0,-66.567,114.755,-28
0,-80.88,110.064,-28.875
0,-98.543,107.741,-30.999
0,-119.369,105.889,-34.229
0,-138.6,97.112,-36.131
0,-157.515,86.268,-38.459
0,-176.044,73.403,-41.536
0,-192.24,56.74,-44.575
0,-199.701,34.493,-44.732
0,-205.736,11.814,-45.839
0,-207.689,-12.027,-46.743
0,-206.799,-36.83,-48.065
0,-204.479,-63.553,-50.448
0,-190.165,-84.609,-48.513
0,-167.823,-96.873,-43.667
0,-145.317,-105.493,-39.551
0,-123.505,-111.728,-36.271
0,-102.856,-115.696,-33.502
0,-85.165,-120.459,-31.885
0,-69.766,-124.461,-30.609
0,-56.377,-128.655,-29.78
0,-44.038,-134.085,-29.587
0,-31.497,-139.874,-29.796
0,-17.957,-142.641,-29.644
0,-3.701,-145.83,-29.956
0,11.57,-151.327,-31.155
0,28.434,-158.682,-33.172
0,46.622,-162.058,-34.741
0,65.942,-162.92,-36.254
0,84.858,-157.267,-36.746
0,102.085,-145.364,-36.121
0,120.538,-136.851,-36.928
0,140.542,-130.271,-39.084
0,161.368,-122.988,-42.145
0,176.363,-106.892,-43.052
0,181.929,-82.717,-40.715
0,171.45,-51.189,-32.38
0,165.817,-29.894,-27.508
0,164.226,-14.069,-25.432
0,168.939,1e-12,-43.884
0,171.131,16.729,-45.925
0,172.746,35.181,-48.947
0,178.565,59.35,-56.427
0,180.996,87.031,-63.622
0,167.589,103.908,-61.784
0,151.159,117.444,-59.421
0,135.419,132.515,-59.147
0,118.508,146.826,-59.361
0,98.853,155.329,-57.97
0,78.545,160.373,-56.228
0,57.885,159.928,-53.434
0,38.231,156.27,-50.448
0,20.195,151.209,-47.804
0,3.886,148.885,-46.812
0,-11.212,145.746,-46.167
0,-24.948,139.421,-44.993
0,-36.973,128.931,-42.801
0,-48.172,119.236,-41.224
0,-59.89,111.364,-40.612
0,-73.605,105.578,-41.195
0,-90.486,102.11,-43.475
0,-110.948,100.436,-47.908
0,-132.133,95.32,-52.413
0,-152.506,86.32,-56.887
0,-173.492,75.447,-63.19
0,-184.817,55.371,-63.994
0,-191.322,33.369,-63.575
0,-196.835,11.381,-64.824
0,-198.3,-11.526,-65.721
0,-200.482,-36.287,-69.655
0,-199.241,-63.13,-73.769
0,-186.427,-85.112,-71.964
0,-163.529,-96.869,-64.433
0,-140.158,-104.345,-57.759
0,-118.616,-111.127,-53.406
0,-97.965,-115.523,-49.677
0,-79.411,-118.346,-46.581
0,-63.842,-121.856,-44.695
0,-50.479,-126.547,-43.867
0,-37.897,-131.93,-43.769
0,-24.792,-135.688,-43.584
0,-10.908,-137.969,-43.448
0,3.761,-141.793,-44.429
0,19.645,-147.384,-46.616
0,37.15,-153.419,-49.632
0,55.763,-155.081,-51.884
0,75.097,-153.315,-53.752
0,93.998,-146.536,-54.603
0,111.648,-135.529,-54.57
0,129.935,-125.892,-56.074
0,150.164,-118.467,-60.113
0,169.492,-107.873,-64.466
0,179.42,-86.812,-63.537
0,178.044,-59.651,-56.803
0,175.216,-36.533,-51.096
0,170.173,-16.588,-45.498
0,172.775,1e-12,-67.718
0,171.355,18.262,-67.146
0,173.277,38.473,-71.646
0,175.6,62.353,-78.952
0,171.904,86.227,-83.569
0,157.976,102.762,-81.159
0,143.933,120.067,-81.11
0,127.237,134.71,-80.458
0,107.27,143.049,-77.363
0,86.279,146.603,-73.267
0,65.562,146.524,-68.881
0,46.554,147.609,-66.493
0,28.487,146.167,-64.013
0,11.701,143.118,-61.792
0,-3.748,140.201,-60.564
0,-17.802,133.786,-58.522
0,-30.071,123.578,-55.344
0,-41.426,115.297,-53.65
0,-52.834,107.598,-52.657
0,-65.709,100.889,-52.6
0,-81.39,96.181,-54.438
0,-100.901,94.379,-59.644
0,-123.475,92.8,-67.697
0,-143.575,84.036,-73.306
0,-162.437,72.006,-79.54
0,-176.228,54.45,-83.155
0,-182.626,32.82,-82.588
0,-187.386,11.125,-83.614
0,-188.255,-11.2,-84.216
0,-189.53,-34.958,-88.421
0,-187.423,-60.283,-92.783
0,-174.942,-81.11,-90.382
0,-156.027,-95.71,-84.279
0,-133.477,-103.842,-76.296
0,-110.855,-108.275,-69.082
0,-89.523,-109.853,-62.715
0,-71.642,-112.656,-59.047
0,-56.735,-116.793,-57.276
0,-43.628,-121.624,-56.594
0,-30.957,-126.432,-56.531
0,-17.608,-128.424,-55.803
0,-3.626,-131,-56.164
0,11.276,-134.775,-57.905
0,27.425,-139.135,-60.789
0,44.909,-142.167,-64.019
0,63.913,-144.381,-68.018
0,83.745,-143.2,-71.654
0,102.486,-135.367,-73.07
0,119.844,-123.763,-73.56
0,137.415,-112.677,-75.86
0,154.85,-100.922,-79.731
0,165.731,-81.93,-79.175
0,171.83,-60.674,-76.733
0,176.569,-40.349,-75.59
0,174.787,-19.129,-70.744
0,171.034,1e-12,-91.958
0,169.954,20.127,-91.755
0,169.025,41.15,-94.741
0,166.249,63.484,-99.022
0,159.453,85.702,-102.337
0,147.544,105.357,-103.118
0,130.771,120.029,-100.666
0,110.831,128.951,-95.72
0,89.052,131.07,-88.238
0,69.126,133.89,-83.782
0,49.929,134.116,-79.503
0,32.248,135.07,-77.316
0,15.563,134.255,-75.396
0,1e-12,131.646,-73.648
0,-14.15,125.123,-70.668
0,-26.461,115.077,-66.452
0,-37.754,106.916,-64.16
0,-49.285,100.187,-63.395
0,-62.419,94.319,-63.855
0,-78.53,90.38,-66.91
0,-98.252,88.429,-73.846
0,-120.916,86.295,-84.457
0,-140.6,76.579,-91.681
0,-158.444,63.136,-99.304
0,-167.479,42.814,-99.522
0,-175.053,22.106,-102.073
0,-177.099,1e-12,-102.154
0,-176.826,-22.419,-103.602
0,-175.364,-46.113,-107.779
0,-167.662,-68.735,-108.697
0,-150.915,-84.845,-102.213
0,-131.406,-96.758,-95.296
0,-109.66,-103.322,-87.14
0,-87.192,-103.487,-77.152
0,-69.066,-106.586,-72.496
0,-53.904,-111.083,-70.48
0,-40.474,-115.593,-69.475
0,-27.525,-119.413,-68.902
0,-14.099,-121.371,-68.139
0,1e-12,-123.845,-68.785
0,15.046,-126.69,-70.78
0,31.122,-128.443,-73.293
0,48.424,-129.67,-76.814
0,67.619,-131.976,-82.708
0,88.008,-131.624,-88.887
0,106.22,-122.162,-90.474
0,121.977,-107.965,-89.91
0,136.48,-93.12,-90.335
0,148.987,-76.949,-91.165
0,160.174,-60.15,-93.504
0,170.327,-42.252,-97.634
0,173.521,-21.081,-96.604
0,163.734,1e-12,-114.618
0,160.957,20.663,-112.22
0,159.992,42.458,-116.623
0,155.045,64.435,-119.959
0,145.637,85.146,-121.48
0,130.316,100.81,-117.972
0,111.083,110.266,-110.702
0,89.922,113.231,-100.743
0,71.184,118.257,-96.24
0,53.193,122.42,-93.381
0,35.666,123.636,-90.134
0,19.167,123.673,-87.813
0,3.702,122.796,-86.481
0,-10.544,117.531,-83.334
0,-22.966,107.903,-78.092
0,-34.241,99.71,-74.978
0,-45.668,92.98,-73.857
0,-58.825,87.813,-75.037
0,-74.684,83.764,-78.89
0,-93.956,81.323,-87.446
0,-116.344,78.778,-101.156
0,-136.522,69.328,-112.228
0,-151.393,53.118,-118.438
0,-158.455,32.14,-117.797
0,-162.287,10.784,-117.781
0,-163.003,-10.843,-118.439
0,-161.686,-33.047,-121.294
0,-155.233,-54.613,-121.827
0,-141.453,-71.808,-116.224
0,-125.433,-86.615,-111.649
0,-105.51,-95.44,-103.587
0,-84.219,-98.019,-93.078
0,-66.068,-101.285,-87.054
0,-50.732,-105.562,-84.23
0,-37.072,-109.423,-82.5
0,-23.909,-111.845,-80.849
0,-10.498,-113.655,-80.066
0,3.605,-115.486,-80.726
0,18.53,-116.208,-82.011
0,34.292,-116.082,-84.2
0,51.285,-116.349,-88.481
0,69.604,-115.844,-94.305
0,88.523,-112.38,-100.142
0,105.54,-102.402,-102.343
0,120.406,-88.896,-103.082
0,133.489,-73.91,-104.336
0,147.019,-59.406,-109.993
0,161.813,-43.871,-120.997
0,166.116,-22.046,-120.504
0,152.154,1e-12,-135.876
0,151.548,22.019,-137.166
0,146.9,43.659,-137.389
0,137.239,63.152,-134.607
0,123.477,79.282,-129.561
0,105.044,88.691,-119
0,85.645,93.609,-108.142
0,68.174,99.674,-103.243
0,51.572,106.225,-101.866
0,35.09,110.732,-100.773
0,18.983,112.466,-99.232
0,3.654,111.079,-96.92
0,-10.305,104.247,-91.459
0,-22.557,96.156,-86.48
0,-33.947,89.288,-84.049
0,-45.848,83.533,-83.981
0,-59.662,78.761,-86.613
0,-76.249,74.941,-93.206
0,-96.016,71.783,-105.778
0,-116.976,65.494,-121.403
0,-132.668,50.967,-129.727
0,-141.494,31.398,-131.179
0,-144.75,10.426,-129.503
0,-144.925,-10.409,-129.207
0,-141.391,-30.956,-128.995
0,-133.046,-49.987,-126.677
0,-120.433,-66.389,-122.674
0,-105.391,-80.764,-119.614
0,-85.938,-87.602,-109.817
0,-67.419,-91.758,-101.581
0,-51.398,-96.043,-97.076
0,-37.361,-100.537,-95.088
0,-23.978,-103.207,-93.002
0,-10.491,-104.673,-91.545
0,3.589,-105.476,-91.362
0,18.381,-105.142,-92.075
0,33.919,-104.201,-94.286
0,50.072,-101.55,-97.057
0,66.94,-97.824,-101.306
0,84.934,-93.826,-108.618
0,102.152,-85.723,-114.87
0,117.057,-73.147,-118.901
0,130.732,-58.742,-124.635
0,142.404,-41.799,-131.225
0,149.939,-21.75,-135.454
0,133.706,1e-12,-148.583
0,132.02,21.71,-148.525
0,124.387,41.584,-143.779
0,111.451,57.336,-134.442
0,94.013,66.508,-119.566
0,77.574,74.414,-110.835
0,61.885,82.356,-107.364
0,46.48,90.478,-107.66
0,30.881,97.248,-109.115
0,15.089,99.665,-108.188
0,1e-12,96.192,-103.292
0,-13.47,89.638,-97.487
0,-25.532,82.945,-93.728
0,-37.299,76.91,-92.67
0,-50.173,71.408,-94.4
0,-65.172,66.331,-99.967
0,-82.416,60.962,-110.549
0,-100.476,52.914,-124.638
0,-114.427,38.524,-133.382
0,-123.225,20.202,-138.136
0,-125.511,1e-12,-137.512
0,-123.315,-19.985,-136.339
0,-116.195,-38.6,-133.29
0,-105.682,-55.679,-131.161
0,-91.013,-69.235,-126.293
0,-73.226,-76.925,-116.735
0,-56.399,-82.436,-109.614
0,-41.46,-87.485,-105.928
0,-27.779,-92.044,-104.443
0,-14.146,-94.489,-102.834
0,1e-12,-95.341,-101.948
0,14.826,-94.664,-102.013
0,30.208,-92.52,-103.195
0,45.898,-88.467,-105.042
0,62.071,-83.608,-109.272
0,78.825,-77.792,-116.55
0,96.274,-70.596,-127.836
0,112.204,-58.86,-138.54
0,123.383,-41.448,-143.437
0,129.902,-21.227,-145.053
0,108.64,1e-12,-145.449
0,106.618,19.622,-145.097
0,97.174,36.112,-135.055
0,84.204,48.507,-123.584
0,70.362,58.671,-116.248
0,56.13,67.791,-113.225
0,41.663,76.685,-114.378
0,26.686,84.373,-117.421
0,11.121,85.761,-114.96
0,-3.483,80.655,-107.145
0,-16.464,75.35,-102.68
0,-28.426,69.484,-100.402
0,-40.564,63.599,-101.029
0,-53.953,57.55,-105.199
0,-68.684,50.527,-113.41
0,-83.208,40.645,-123.657
0,-95.47,26.972,-134.102
0,-103.725,9.69,-143.384
0,-104.594,-9.76,-144.396
0,-98.852,-28.071,-139.714
0,-88.743,-43.969,-134.178
0,-74.783,-55.945,-126.036
0,-59.917,-65.463,-120.305
0,-44.968,-71.956,-114.813
0,-31.117,-77.431,-112.311
0,-17.647,-81.779,-111.736
0,-3.627,-83.822,-111.3
0,11.164,-83.844,-111.752
0,26.454,-81.331,-112.517
0,41.885,-76.792,-114.447
0,57.43,-70.936,-119.051
0,73.154,-63.713,-127.401
0,87.806,-53.044,-136.461
0,98.157,-37.125,-139.329
0,104.411,-18.976,-139.972
0,86.443,1e-12,-144.107
0,83.843,17.865,-142.429
0,74.352,32.213,-130.468
0,63.184,44.277,-123.837
0,50.635,54.8,-121.47
0,37.048,64.275,-122.961
0,22.331,70.817,-124.1
0,7.159,70.485,-118.229
0,-6.762,66.532,-111.586
0,-19.315,61.839,-108.603
0,-31.15,55.988,-107.922
0,-43.253,49.384,-110.692
0,-55.615,41.012,-115.898
0,-67.084,30.105,-122.773
0,-75.678,16.206,-129.297
0,-80.428,1e-12,-136.511
0,-78.598,-17.093,-136.821
0,-71.069,-32.372,-132.453
0,-59.768,-44.604,-126.387
0,-47.002,-54.359,-122.191
0,-33.743,-61.291,-118.413
0,-20.677,-66.706,-117.34
0,-7.123,-70.256,-117.895
0,7.324,-70.904,-118.499
0,22.363,-68.981,-120.175
0,37.344,-64.113,-122.386
0,51.831,-56.937,-126.617
0,64.992,-46.783,-131.598
0,75.206,-33.041,-134.209
0,82.587,-17.407,-138.474
0,66.652,1e-12,-144.526
0,62.515,16.558,-137.096
0,54.109,30.568,-130.715
0,42.857,42.25,-127.941
0,29.667,52.003,-129.285
0,14.766,56.657,-126.706
0,1e-12,55.109,-118.98
0,-13.309,51.076,-114.226
0,-25.492,45.645,-113.991
0,-37.02,38.102,-116.422
0,-47.525,27.956,-120.532
0,-55.418,15.011,-124.822
0,-59.066,1e-12,-128.873
0,-56.949,-15.515,-129.188
0,-49.803,-29.5,-127.391
0,-39.171,-40.53,-123.991
0,-26.948,-48.383,-120.905
0,-13.97,-53.666,-120.046
0,1e-12,-56.209,-121.073
0,14.799,-55.054,-122.305
0,29.65,-50.764,-125.578
0,43.186,-42.357,-128.133
0,54.565,-30.933,-132.379
0,62.744,-16.662,-138.036
0,47.576,1e-12,-139.652
0,44.081,14.961,-135.278
0,35.707,27.441,-131.124
0,24.127,37.089,-130.488
0,10.421,41.898,-127.663
0,-3.341,41.243,-122.353
0,-15.792,37.056,-119.797
0,-26.717,29.977,-120.725
0,-35.529,19.759,-122.872
0,-40.792,6.95,-124.79
0,-41.138,-7.007,-125.809
0,-36.473,-20.339,-126.555
0,-27.605,-30.992,-124.833
0,-16.287,-38.112,-123.139
0,-3.415,-41.748,-123.592
0,10.462,-41.117,-124.668
0,24.184,-36.564,-128.185
0,35.999,-27.599,-131.818
0,44.516,-15.191,-137.528
0,30.584,1e-12,-137.765
0,25.833,14.824,-133.19
0,14.383,24.934,-129.52
0,1e-12,28.019,-126.418
0,-13.405,23.818,-124.381
0,-23.218,13.81,-125.027
0,-26.954,1e-12,-124.878
0,-23.507,-13.995,-126.726
0,-13.633,-24.227,-126.515
0,1e-12,-28.334,-127.762
0,14.541,-25.157,-130.628
0,26.237,-15.195,-136.802
0,14.65,1e-12,-133.905
0,7.124,12.417,-130.598
0,-6.884,12.184,-128.562
0,-13.599,1e-12,-127.118
0,-6.941,-12.313,-129.993
0,7.217,-12.677,-133.557
0,1e-12,1e-12,-130.719
0,142.736,-10.83,-143.756
0,119.427,-9.979,-145.924
0,-174.055,-73.354,-11.12
0,-158.318,-88.93,-10.721
0,158.394,-10.747,-127.06
0,172.534,-9.784,-80.767
0,173.888,114.801,-10.668
0,168.363,-10.407,-105.253
0,-191.591,-57.652,-12.093
0,186.279,97.252,-10.819
0,152.199,120.184,-9.627
0,-176.229,-51.953,9.898
0,170.787,-8.663,-55.609
0,-161.246,-67.075,9.106
0,178.357,-89.735,-9.903
0,171.829,112.867,10.384
0,168.456,-57.087,-7.81
0,173.391,-85.154,9.299
0,176.571,-118.824,-10.97
0,153.595,122.675,9.677
0,163.595,-53.758,7.184
0,172.283,-113.599,10.536
0,166.684,-7.592,-34.222
0,158.596,-131.175,-10.386
0,175.459,62.442,-8.594
0,157.142,-128.7,10.405
0,162.6,-34.952,-6.454
0,178.326,90.18,9.946
0,-84.259,51.536,-118.508
0,133.467,127.993,-9.13
0,-204.659,-36.915,-12.804
0,133.527,128.386,8.929
0,-99.685,63.601,-116.713
0,159.062,-33.32,5.982
0,-191.674,-34.545,11.13
0,171.915,8.79,-56.282
0,135.952,-134.122,9.662
0,162.832,-6.689,-17.875
0,-138.757,-98.556,-9.936
0,-80.243,68.566,-102.08
0,136.017,-134.75,-9.39
0,160.527,-19.212,-5.743
0,172.174,9.712,-80.003
0,165.705,36.753,-6.797
0,166.947,56.59,7.703
0,95.264,-8.875,-141.356
0,-67.626,7.518,-129.603
0,-145.63,-80.168,8.524
0,166.816,10.384,-102.749
0,167.42,7.573,-34.552
0,157.582,-18.428,5.354
0,160.277,-6.202,-5.461
0,163.97,6.752,-18.26
0,162.291,19.839,-5.944
0,172.346,26.972,-58.044
0,185.054,70.587,-29.536
0,114.813,135.085,8.505
0,175.908,42.923,-24.364
0,163.161,-20.585,-18.613
0,166.034,-37.662,-20.958
0,161.052,6.261,-5.553
0,159.774,33.907,6.19
0,167.794,22.098,-20.257
0,116.724,139.199,-9.074
0,188.337,100.709,-33.664
0,174.454,-62.895,-25.97
0,171.645,24.665,-37.976
0,157.467,10.835,-124.95
0,-213.811,-12.798,-13.414
0,-193.26,-0.03,-75.188
0,157.34,-5.959,5.095
0,175.526,-28.201,-61.073
0,115.992,-139.725,9.174
0,167.972,-23.559,-36.03
0,115.969,-140.336,-8.846
0,175.632,48.598,-63.914
0,-208.487,-12.877,13.003
0,157.678,18.497,5.451
0,-202.611,0.102,-56.428
0,158.581,-51.751,20.768
0,157.326,5.877,5.123
0,171.285,113.849,-31.607
0,180.445,-93.769,-31.153
0,172.564,29.807,-82.425
0,175.328,44.841,-42.243
0,155.078,-32.479,17.573
0,166.142,-80.302,26.195
0,144.254,11.285,-145.943
0,-68.032,58.947,-107.244
0,165.113,31.025,-103.523
0,154.033,-18.082,15.867
0,172.148,-43.423,-40.748
0,161.41,54.61,22.085
0,153.758,-5.831,15.094
0,170.48,85.505,28.061
0,-203.744,-23.863,-58.186
0,177.484,-50.149,-66.243
0,175.138,-30.921,-85.979
0,-153.817,-0.141,-123.966
0,184.22,73.41,-50.9
0,-198.32,22.694,-55.069
0,179.386,75.266,-72.436
0,-193.189,-22.973,-76.489
0,153.842,5.843,15.199
0,-99.123,40.004,-129.831
0,97.756,145.132,8.47
0,155.635,33.193,18.043
0,165.151,-107.545,29.682
0,-189.571,22.222,-73.85
0,172.975,-117.388,-32.715
0,100.262,152.124,-9.245
0,149.661,-5.898,25.547
0,150.603,120.83,-28.884
0,154.099,18.257,16.079
0,145.258,-6.163,37.24
0,-69.279,40.649,-119.198
0,166.318,109.84,30.326
0,149.614,5.896,25.655
0,170.01,-33.031,-111.096
0,74.893,-8.532,-142.573
0,98.425,-149.892,9.17
0,178.542,-69.798,-48.183
0,98.459,-150.823,-8.808
0,-217.402,13.767,-13.753
0,144.589,6.091,36.907
0,119.853,10.525,-146.287
0,-204.328,-50.126,-61.804
0,172.894,51.993,-87.519
0,150.053,-18.356,26.854
0,180.322,97.939,-53.937
0,140.508,-6.526,50.869
0,152.346,-124.591,29.893
0,-116.912,52.444,-128.422
0,175.465,-73.223,-70.389
0,145.795,-19.131,39.17
0,150.799,-32.791,29.485
0,-192.084,44.796,-54.644
0,-128.705,-90.169,7.963
0,170.258,95.717,-72.974
0,135.853,-7.185,67.996
0,139.558,6.42,50.207
0,-195.26,-48.794,-82.468
0,-215.73,14.775,14.036
0,152.475,-50.888,33.749
0,156.186,32.627,-127.241
0,162.596,52.707,-107.058
0,149.463,18.339,26.871
0,151.748,124.224,29.728
0,-196.31,-74.856,-62.349
0,146.255,-33.959,42.66
0,155.274,-130.182,-31.387
0,-80.989,28.447,-127.782
0,170.117,-51.074,-85.967
0,-183.131,43.599,-73.014
0,-103.096,-41.698,-135.26
0,132.561,130.282,-27.703
0,81.372,158.407,8.736
0,144.101,18.779,38.393
0,178.465,-97.388,-53.677
0,-118.398,-103.728,-9.026
0,19.016,-6.27,-136.136
0,146.49,-51.584,47.607
0,150.33,33.033,29.773
0,84.009,168.176,-9.708
0,155.491,-74.959,40.15
0,134.753,7.056,67.093
0,134.243,-134.698,28.792
0,141.547,-20.421,53.923
0,163.56,111.216,-50.935
0,152.853,52.078,34.681
0,-178.199,-92.292,-58.405
0,81.841,-164.033,9.537
0,81.626,-164.325,-9.053
0,129.966,-7.885,88.1
0,170.689,76.012,-93.179
0,155.249,-32.555,-127.245
0,-182.158,65.539,-53.925
0,170.53,-97.587,-74.664
0,160.519,-52.177,-106.09
0,-211.875,39.814,-13.381
0,145.92,-72.647,53.862
0,-85.334,-30.519,-137.473
0,-188.199,-73.277,-83.804
0,143.824,33.211,41.628
0,159.408,80.212,43.316
0,-119.461,-52.896,-129.095
0,136.406,-22.139,71.286
0,130.728,128.19,27.194
0,154.965,110.773,-70.495
0,-154.27,-101.072,-51.888
0,144.114,50.833,46.876
0,-153.019,-21.417,-125.095
0,154.752,-101.589,46.124
0,138.723,19.725,51.921
0,-174.987,64.847,-73.466
0,141.412,-35.891,57.984
0,96.984,9.815,-146.137
0,133.274,-134.718,-28.804
0,120.079,-8.417,106.444
0,140.144,32.988,-144.281
0,164.632,-114.527,-52.691
0,129.125,7.78,87.538
0,161.962,-70.068,-85.411
0,157.475,75.287,-111.427
0,116.344,143.463,-27.864
0,147.369,75.865,56.597
0,-170.475,-90.279,-78.53
0,-165.638,81.203,-50.774
0,64.15,171.151,9.047
0,-152.196,21.316,-124.77
0,114.475,-140.831,27.385
0,63.136,-170.926,9.56
0,159.149,108.665,49.655
0,141.854,-95.074,59.632
0,62.592,-169.625,-8.909
0,-207.638,41.14,13.446
0,146.156,123.027,-48.748
0,65.017,176.062,-9.763
0,36.918,-7.54,-138.01
0,135.62,-38.526,75.891
0,133.738,21.533,69.3
0,151.343,54.385,-129.146
0,153.48,-110.982,-70.806
0,139.94,-53.234,62.943
0,-55.958,49.755,-111.543
0,130.042,-24.131,91.623
0,159.219,94.895,-92.181
0,111.044,132.409,25.505
0,-110.071,23.961,-138.203
0,105.751,-8.662,119.211
0,55.423,-7.677,-140.534
0,-148.587,-100.864,-71.421
0,144.411,-121.363,48.053
0,137.449,-32.134,-140.589
0,-132.242,-108.565,-47.464
0,-199.214,62.257,-12.557
0,3.949,-19,-131.1
0,137.722,34.549,55.617
0,147.654,-67.999,-99.926
0,147.277,104.368,66.127
0,-158.176,79.899,-68.847
0,119.76,8.374,106.844
0,139.925,126.864,-70.229
0,-105.425,-67.823,-125.252
0,-145.581,91.66,-46.609
0,-128.508,35.303,-133.579
0,145.445,-51.314,-121.5
0,131.988,-55.527,79.875
0,145.243,124.048,49.191
0,115.029,30.243,-143.5
0,145.215,-124.249,-49.403
0,113.352,-140.587,-27.334
0,43.488,-168.612,9.154
0,133.382,-116.986,64.309
0,-89.44,13.05,-136.154
0,135.992,-71.798,67.887
0,151.192,-87.841,-84.912
0,100.262,158.927,-28.786
0,137.029,52.31,61.833
0,132.315,37.526,73.896
0,96.598,-150.411,27.198
0,44.993,174.366,8.915
0,146.984,95.745,-112.838
0,129.521,136.198,-48.182
0,42.969,-166.536,-8.431
0,128.451,23.947,91.232
0,-125.982,-107.367,-64.82
0,105.509,8.627,119.775
0,-111.284,-24.065,-138.406
0,44.672,173.374,-9.321
0,119.029,-25.447,109.092
0,128.51,-135.188,47.85
0,127.336,-40.906,94.79
0,-148.116,-42.388,-125.459
0,134.331,-120.443,-66.557
0,88.811,-8.547,126.554
0,93.39,139.96,25.033
0,-128.648,-34.765,-130.985
0,134.262,120.605,66.52
0,-111.545,-97.343,7.465
0,-192.593,62.328,12.386
0,-138.303,90.226,-63.343
0,114.439,-30.187,-143.554
0,-3.045,18.048,-127.86
0,146.161,113.447,-92.474
0,-178.65,77.126,-11.093
0,-107.92,84.729,-87.08
0,126.486,-73.8,84.947
0,136.736,74.804,71.2
0,141.744,74.392,-128.638
0,-174.06,-0.441,59.352
0,129.963,55.61,80.251
0,-68.635,-8.43,-132.192
0,131.164,52.579,-139.986
0,124.221,127.852,44.978
0,134.652,-83.065,-96.875
0,45.905,-116.915,121.905
0,-128.789,78.028,-96.887
0,-146.788,42.316,-125.551
0,-92.115,-13.654,-142.564
0,73.409,87.295,-106.948
0,14.509,12.489,-131.534
0,122.945,141.026,-69.911
0,57.238,94.657,-104.88
0,75.099,8.946,-142.748
0,129.796,-92.005,73.567
0,-119.3,-97.446,-100.994
0,119.372,-134.075,66.214
0,125.642,-132.185,-46.782
0,26.157,-59.806,-122.783
0,41.2,-102.12,132.185
0,95.847,-151.226,-27.365
0,-89.792,-56.283,-130.1
0,25.098,-164.524,8.756
0,-125.636,100.129,-43.426
0,79.416,-162.514,27.841
0,103.5,-25.692,120.528
0,-137.913,-85.541,-106.719
0,82.016,170.078,-29.151
0,88.273,8.45,126.066
0,63.149,-109.201,122.176
0,137.587,-103.648,-84.018
0,90.511,80.555,-113.732
0,-175.673,24.901,61.308
0,131.919,-66.359,-113.839
0,122.602,-58.445,99.009
0,118.055,25.497,109.85
0,76.661,150.322,25.452
0,127.823,-50.853,-135.291
0,112.842,150.493,-48.717
0,-147.634,66.33,-105.932
0,126.138,41.327,96.254
0,109.659,-143.786,46.434
0,-111.122,-114.06,-43.92
0,125.01,74.726,86.378
0,131.969,97.752,78.781
0,-100.601,-109.455,-8.412
0,115.449,127.896,62.901
0,-154.723,-70.642,-113.153
0,90.243,26.932,-137.674
0,25.968,170.735,8.54
0,-96.606,-100.088,-89.578
0,131.115,111.286,-110.236
0,36.284,-87.366,142.195
0,115.884,-129.968,-64.183
0,-132.553,85.578,-79.317
0,-111.17,91.296,-71.464
0,51.811,79.277,-110.283
0,-115.441,4.841,-142.251
0,66.731,70.765,-111.395
0,-134.054,15.296,-133.865
0,71.66,-8.341,132.646
0,115.452,-42.936,112.526
0,57.726,-93.262,131.271
0,-86.374,85.859,-76.116
0,25.326,164.758,-8.663
0,24.729,-161.706,-8.013
0,117.845,-92.07,89.652
0,78.81,-97.384,120.327
0,-143.481,-96.135,-89.798
0,-163.519,-83.752,-97.387
0,104.188,131.046,41.891
0,-151.645,74.501,-85.918
0,-175.581,79.601,11.482
0,-164.035,-44.13,28.895
0,-157.736,88.094,-9.893
0,43.656,110.946,115.634
0,-166.253,-50.943,-116.218
0,-117.02,96.246,-57.615
0,-177.167,-64.375,-100.538
0,44.43,-62.105,147.121
0,-159.87,48.065,-109.283
0,-175.425,-26.476,31.375
0,129.286,127.943,-90.873
0,109.266,73.882,-126.837
0,-121.939,-104.275,-82.366
0,81.825,62.147,-117.114
0,-166.997,58.581,-90.873
0,60.998,-170.272,28.004
0,120.189,-112.282,78.836
0,90.003,-26.933,-137.957
0,-134.025,-15.202,-132.647
0,-137.213,-60.668,-121.629
0,101.282,-144.474,65.358
0,-182.499,-40.545,-98.138
0,103.924,46.257,-133.976
0,73.273,-88.319,-108.527
0,-104.335,-111.544,-59.403
0,-88.979,-79.179,-119.506
0,121.224,-98.381,-96.628
0,-93.08,-4.866,-142.581
0,-183.08,54.373,36.447
0,39.973,53.068,-125.458
0,-176.023,38.22,-92.113
0,-151.432,-59.395,27.036
0,102.332,25.577,120.522
0,-165.423,-22.243,54.355
0,103.066,149.222,-67.657
0,107.094,-140.99,-45.544
0,78.768,105.894,-101.567
0,60.894,106.524,119.447
0,41.087,101.26,-105.503
0,90.861,-82.492,-116.948
0,78.367,-162.589,-27.87
0,85.872,-25.043,127.45
0,59.805,161.674,26.343
0,97.773,101.12,-108.852
0,127.309,90.492,-124.653
0,-169.72,-27.835,-112.982
0,56.325,-92.851,-102.834
0,-115.334,-4.841,-141.442
0,-165.948,26.871,-108.845
0,-188.272,30.321,36.48
0,61.771,172.64,-28.325
0,-187.988,-5.763,35.762
0,120.241,58.328,99.176
0,38.999,96.392,124.716
0,-172.34,75.758,35.432
0,117.201,94.357,92.349
0,71.225,8.25,132.132
0,114.834,-75.806,102.819
0,72.56,-81.111,129.159
0,-183.42,-16.936,-94.782
0,-73,-44.175,-129.574
0,-181.955,16.73,-93.594
0,51.925,-77.477,139.781
0,61.282,111.914,-98.753
0,-89.611,92.135,-63.085
0,92.756,-83.774,118.688
0,121.47,-116.813,-82.54
0,40.133,-96.84,-99.843
0,120.676,116.052,81.856
0,95.324,130.444,58.441
0,40.726,-53.793,-125.945
0,36.414,86.884,-112.219
0,91.014,-152.087,45.712
0,118.204,95.713,-120.103
0,117.669,68.393,-132.685
0,8.16,-159.402,8.383
0,97.154,52.442,-128.051
0,46.71,65.899,-117.476
0,24.42,-99.329,-97.907
0,98.223,-42.51,122.375
0,17.03,-76.648,-116.17
0,93.825,159.93,-48.203
0,20.786,-88.205,-107.266
0,106.509,-48.941,-142.763
0,-206.512,-43.344,-37.028
0,-135.068,60.554,-121.825
0,-209.175,-18.295,-36.225
0,107.331,-72.643,-124.738
0,76.251,95.623,118.482
0,-99.159,-106.323,-73.537
0,-16.873,6.085,-126.178
0,-170.399,5.445,-110.916
0,118.696,-81.052,-110.798
0,124.758,60.718,-135.868
0,113.887,43.071,113.417
0,55.327,8.433,-139.646
0,-170.451,-5.45,-110.83
0,-208.218,18.123,-35.809
0,-191.45,5.985,37.19
0,-198.694,-67.611,-37.192
0,60.5,56.551,-118.264
0,-210.882,-6.261,-36.43
0,41.762,-170.555,27.215
0,-210.118,6.217,-36.156
0,86.148,137.086,40.724
0,55.001,-8.466,140.023
0,105.544,-108.499,92.84
0,36.235,-84.816,-108.497
0,25.409,-26.505,-131.827
0,98.189,-140.803,-63.763
0,68.046,-74.185,-117.494
0,-13.688,-12.208,-128.355
0,55.25,89.911,126.74
0,51.975,-80.06,-111.568
0,66.207,-124.234,110.31
0,82.36,-112.313,108.114
0,108.601,-60.049,115.271
0,31.964,74.201,-120.519
0,-171.65,48.952,61.378
0,30.217,-132.57,106.562
0,-183.232,-5.613,-93.808
0,48.378,-130.73,109.375
0,42.1,58.371,138.058
0,-183.075,5.604,-93.769
0,-201.998,41.496,-35.241
0,12.619,-130.327,102.507
0,111.304,120.226,-103.896
0,42.055,169.758,26.958
0,34.06,81.151,131.825
0,8.382,165.006,8.19
0,95.643,-98.949,-106.526
0,-137.34,-72.148,25.391
0,-181.274,-85.235,-34.763
0,-208.411,-30.967,-36.553
0,84.5,-66.909,-127.196
0,27.965,-119.864,119.844
0,135.217,82.987,-126.909
0,44.187,116.668,-97.095
0,-135.168,-5.195,-133.275
0,-138.281,97.987,-9.115
0,97.085,-98.814,106.09
0,-92.118,4.774,-140.428
0,-157.31,-0.444,78.978
0,-155.347,91.261,10.424
0,53.054,43.135,-125.344
0,22.78,-57.139,158.488
0,-191.249,18.981,37.339
0,8.155,159.399,-8.295
0,114.631,-66.212,-128.348
0,-205.432,30.089,-35.404
0,32.227,-73.033,-117.404
0,106.382,-129.47,81.981
0,-156.175,91.765,33.173
0,111.501,-87.562,-109.216
0,77.622,-105.065,-100.925
0,73.547,46.185,-123.085
0,82.726,-153.312,64.779
0,24.938,25.739,-131.294
0,-3.75,-125.966,98.785
0,84.661,24.78,126.559
0,8.009,-155.18,-7.637
0,109.318,136.626,-86.933
0,-190.61,62.397,-33.994
0,110.228,38.615,-138.782
0,98.539,138.132,-83.639
0,119.537,132.819,-88.783
0,-114.054,-14.953,-140.367
0,121.545,-58.775,-131.362
0,-104.789,103.952,-39.637
0,28.631,123.376,98.805
0,112.449,75.742,103.117
0,-160.412,24.29,83.371
0,-170.394,-16.673,-111.756
0,-76.619,-102.156,-81.794
0,85.047,-66.671,126.517
0,12.122,123.65,97.021
0,45.937,122.706,102.408
0,100.657,121.91,-99.244
0,-135.001,5.183,-133.316
0,121.428,116.071,-106.731
0,63.677,119.768,106.368
0,27.556,-30.892,155.929
0,100.354,-56.405,-138.855
0,58.912,-164.919,-27.062
0,-160.702,-97.669,-31.909
0,137.917,120.843,-91.355
0,-203.75,-56.127,-37.206
0,65.203,-64.031,135.352
0,77.551,139.824,-78.347
0,80.556,111.911,108.094
0,89.323,-151.455,-45.626
0,104.004,-68.124,116.243
0,-168.361,16.364,-109.587
0,26.353,28.941,149.156
0,20.087,-45.925,-124.965
0,90.011,82.633,117.436
0,-183.276,-28.602,-96.382
0,105.221,111.472,95.856
0,139.604,103.964,-111.543
0,82.327,153.071,-64.671
0,136.331,43.031,-142.108
0,69.801,78.803,125.726
0,125.447,-73.64,-111.645
0,-182.087,-17.27,33.669
0,106.129,-112.61,-97.007
0,109.789,-83.945,104.184
0,152.68,103.872,-91.702
0,41.038,164.784,-26.116
0,23.563,-106.355,131.221
0,146.949,64.398,-128.517
0,47.374,-67.392,-120.395
0,-197.748,52.944,-34.866
0,80.194,124.959,-92.566
0,77.299,136.092,56.836
0,54.616,8.363,139.367
0,-179.165,27.566,-92.657
0,27.363,117.892,-94.386
0,103.8,-91.959,105.687
0,-74.369,-66.842,-122.749
0,73.374,-163.374,46.587
0,103.525,125.863,79.585
0,59.626,-108.177,-95.35
0,-109.951,88.167,-79.85
0,-152.513,-39.191,48.064
0,49.333,73.511,132.599
0,56.398,-47.861,140.354
0,-172.209,77.158,-31.091
0,-123.262,-76.678,-118.027
0,153.193,86.026,-112.597
0,113.968,-121.598,80.683
0,95.486,99.629,107.465
0,85.447,33.968,-132.038
0,165.541,85.824,-92.745
0,-105.377,80.673,-94.915
0,19.555,46.89,-129.407
0,96.533,42.321,122.337
0,107.875,99.016,-114.64
0,-96.366,-105.063,7.283
0,125.653,-102.378,76.308
0,23.832,171.125,26.745
0,23.172,-165.348,25.856
0,53.956,-44.414,-129.415
0,111.322,-39.73,-143.313
0,57.84,140.774,-74.471
0,62.356,-60.115,-126.577
0,118.891,20.571,-146.255
0,-46.714,-17.842,-127.464
0,79.276,40.408,-126.865
0,112.792,122.043,81.159
0,69.182,145.82,41.055
0,104.767,-129.71,-82.422
0,-60.36,-30.843,-129.477
0,98.166,-136.081,82.283
0,79.714,-41.139,129.443
0,133.323,-41.836,-138.011
0,73.794,165.114,-47.068
0,172.599,105.418,-52.552
0,-113.636,14.997,-141.114
0,112.204,-100.385,91.148
0,94.018,128.088,77.142
0,98.427,-115.717,93.711
0,162.559,103.064,-71.227
0,113.977,-105.539,-96.45
0,129.589,-110.163,-82.792
0,154.571,116.784,-49.371
0,68.82,24.748,-135.119
0,138.78,-58.962,-116.966
0,171.689,63.421,-89.641
0,160.436,63.765,-108.912
0,183.997,86.687,-53.115
0,176.229,86.426,-73.395
0,128.324,-90.838,-96.5
0,145.244,-96.587,-84.885
0,113.162,-123.118,-81.969
0,-121.054,-100.932,-92.079
0,154.357,43.468,-128.07
0,147.396,118.462,-69.818
0,-168.966,-39.681,-115.358
0,-190.137,-77.001,-35.683
0,89.96,-58.755,124.715
0,106.832,60.401,116.533
0,11.515,118.251,-92.944
0,-89.152,-22.773,-139.76
0,127.513,108.086,81.164
0,68.37,-24.675,134.744
0,90.588,-122.76,95.042
0,-7.35,-152.8,8.006
0,142.656,22.097,-144.458
0,133.47,-81.878,70.77
0,61.125,127.977,-88.421
0,-95.582,97.808,-51.503
0,-130.798,81.534,-88.149
0,89.111,57.452,-121.665
0,177.005,60.777,-67.313
0,97.768,-118.201,-96.199
0,-67.652,-16.258,-132.608
0,156.918,-79.07,-84.958
0,76.123,-49.672,-133.464
0,-213.384,1e-12,13.561
0,75.552,132.981,74.198
0,137.654,129.238,-48.034
0,180.893,108.524,-32.834
0,-112.157,93.714,-63.697
0,141.221,-75.41,-97.732
0,178.79,57.532,-45.748
0,117.645,-20.302,-144.275
0,26.319,111.466,111.083
0,20.624,51.895,143.991
0,122.613,-82.762,87.086
0,118.958,-66.827,100.426
0,181.59,73.997,-61.234
0,175.213,96.533,-63.382
0,-68.683,88.882,-70.669
0,189.047,86.771,-32.236
0,-181.058,-52.878,-100.278
0,120.788,1e-12,-146.568
0,95.741,-134.657,-81.601
0,-106.474,68.901,-113.739
0,83.004,-130.237,96.692
0,150.809,-112.573,47.47
0,68.845,-24.787,-135.477
0,-139.696,-106.961,-29.453
0,131.761,134.307,-69.921
0,-185.106,42.481,36.2
0,80.406,-146.865,82.593
0,159.141,110.52,-60.448
0,98.631,-76.168,117.518
0,172.385,40.338,-84.086
0,-182.406,71.033,-32.612
0,97.449,117.119,95.218
0,-45.482,17.287,-123.39
0,-199.328,-24.753,11.937
0,164.292,41.673,-105.068
0,79.289,-147.771,-62.504
0,175.104,46.391,-52.278
0,172.781,-107.202,-53.579
0,180.285,-84.387,-51.607
0,-115.894,-91.65,-108.431
0,18.991,-92.21,141.84
0,42.517,-109.922,-91.11
0,160.508,116.989,-29.89
0,64.269,31.39,-130.562
0,156.815,-89.184,43.79
0,95.038,18.691,-143.399
0,-162.758,37.41,-108.324
0,107.448,83.866,104.485
0,181.453,107.232,-10.839
0,-133.691,88.662,-70.703
0,140.553,-21.664,-141.496
0,143.135,124.611,-59.127
0,-122.221,-106.269,-72.81
0,-85.937,73.144,-99.073
0,138.799,-106.861,62.443
0,-132.206,-25.392,-132.477
0,173.515,37.03,-60.24
0,-149.818,-21.421,72.962
0,103.777,-93.927,-108.467
0,184.308,98.538,-43.76
0,165.818,-60.282,-84.915
0,81.3,-42.68,-134.937
0,-153.707,89.659,-28.973
0,99.408,77.232,-119.338
0,64.919,-164.729,66.272
0,-126.262,74.047,-106.49
0,153.362,117.586,49.81
0,167.815,111.981,-41.318
0,112.093,103.61,94.651
0,175.154,75.087,-82.537
0,173.577,-85.305,-72.453
0,179.104,54.923,-26.353
0,184.541,71.404,-39.809
0,174.148,49.815,-74.988
0,151.678,-42.636,-125.576
0,143.832,1e-12,-143.828
0,183.789,81.042,-10.015
0,153.874,-59.963,-102.013
0,164.9,94.56,-82.345
0,-211.895,27.704,13.527
0,179.797,-79.262,-29.166
0,94.527,-50.551,123.221
0,79.985,125.017,92.703
0,137.191,-129.294,48.098
0,163.015,-105.435,-73.134
0,156.768,21.433,-124.914
0,135.454,127.377,47.325
0,174.454,-55.171,-43.67
0,172.924,34.043,-39.588
0,-134.865,99.242,9.479
0,89.116,-141.158,82.281
0,148.886,121.288,-38.595
0,82.503,65.542,124.695
0,-79.174,-107.873,-67.356
0,144.673,-83.891,56.897
0,178.4,-106.853,-32.279
0,57.905,138.592,73.13
0,163.45,118.268,-10.101
0,101.885,68.204,116.872
0,155.573,-120.484,-51.161
0,167.638,52.092,-96.844
0,150.869,111.181,-81.01
0,188.636,99.503,-22.212
0,173.886,114.866,-21.312
0,171.73,25.667,-47.264
0,112.325,-51.35,113.488
0,167.692,-95.112,28.415
0,176.059,-60.896,-67.522
0,176.9,102.978,10.291
0,54.639,46.598,136.78
0,169.261,30.425,-92.962
0,121.394,143.683,-48.296
0,179.284,-105.25,-10.581
0,172.714,113.437,1e-12
0,173.902,-72.457,-8.812
0,-119.138,105.651,-8.478
0,152.898,121.139,1e-12
0,152.044,120.124,-19.137
0,163.84,75.19,-101.834
0,172.014,19.482,-80.346
0,175.314,-86.528,1e-12
0,174.995,-100.583,10.065
0,181.67,92.944,1e-12
0,174.261,-115.596,1e-12
0,158.047,-129.815,1e-12
0,172.087,28.039,-69.159
0,-171.897,48.584,-91.557
0,86.429,-34.955,-136.358
0,-94.685,-96.479,-98.01
0,165.891,20.486,-102.287
0,101.926,92.472,106.722
0,113.18,145.564,-68.588
0,127.264,-126.546,65.581
0,153.447,95.323,-102.615
0,135.464,86.808,75.678
0,127.069,139.627,-59.285
0,63.011,62.47,132.3
0,181.736,67.139,-18.686
0,159.971,-117.22,29.968
0,166.056,-55.165,1e-12
0,169.27,-48.707,-22.99
0,-95.939,-84.649,-115.412
0,-98.207,-103.142,-81.853
0,175.228,43.366,-32.787
0,163.684,119.156,10.129
0,171.79,17.608,-56.556
0,167.815,-67.454,8.103
0,-69.602,1e-12,-132.221
0,173.309,-41.215,-86.182
0,178.306,-72.333,-59.819
0,135.718,127.468,-80.891
0,89.874,123.017,-95.405
0,133.494,127.83,1e-12
0,142.013,113.719,66.933
0,160.29,118.314,30.25
0,-7.714,163.202,8.174
0,170.279,10.069,-91.593
0,-123,-83.432,24.224
0,138.136,-62.122,65.114
0,161.677,96.119,47.6
0,176.205,-47.408,-53.626
0,139.388,113.002,-102.208
0,75.751,-48.908,131.143
0,175.723,-98.501,-64.909
0,29.268,-72.687,151.618
0,-91.551,-117.758,-40.909
0,131.791,132.727,-37.617
0,170.507,99.124,29.73
0,177.148,-38.973,-63.801
0,166.567,-43.265,-109.58
0,179.997,-91.515,-20.286
0,133.533,128.335,-18.146
0,153.611,-61.709,36.461
0,136.341,-134.746,1e-12
0,170.413,58.799,1e-12
0,62.472,-157.422,83.952
0,125.653,125.543,65.08
0,174.879,74.073,8.977
0,169.463,47.891,-7.559
0,169.617,-32.786,-37.929
0,65.606,-140.705,97.775
0,176.244,-118.805,-22.137
0,171.709,-59.645,-16.373
0,170.921,31.404,-21.896
0,161.43,-64.013,22.971
0,157.831,-21.846,-127.624
0,-169.796,-36.072,30.197
0,164.807,-44.689,-6.957
0,159.59,-113.17,-62.162
0,157.971,1e-12,-124.912
0,175.872,-65.341,-36.123
